GAME_ID,TEAM_ID,TEAM_ABBREVIATION,OPPONENT_TEAM_ID,OPPONENT_TEAM_ABBREVIATION,Total_First_Quarter_Points,GAME_DATE,MATCHUP,MONTH,Home_Away,Recent_Trend_Team,Recent_Trend_Opponent,Head_to_Head_Q1,SEASON,Season_Avg_Pace_Team,Season_Avg_Pace_Opponent,Average_Season_Avg_Pace,Season_Avg_FG_PCT_Team,Season_Avg_FG_PCT_Opponent,PTS,OPP_PTS,Off_Rating,PPG_Team,PPG_Opponent,Off_Rating_Avg
22400064,1610612737,ATL,1610612751,BKN,54,2024-10-23,ATL vs. BKN,10,Unknown,[],[],61.66666666666666,2024-25,,,,0.487,0.44,120,116,114.3,120.0,116.0,114.3
22400079,1610612737,ATL,1610612766,CHA,44,2024-10-25,ATL vs. CHA,10,Unknown,[],[],60.333333333333336,2024-25,,,,0.484,0.385,125,120,119.0,120.0,116.0,114.3
22400100,1610612737,ATL,1610612760,OKC,50,2024-10-27,ATL @ OKC,10,Unknown,[],[],68.0,2024-25,,,,0.4546666666666666,0.494,104,128,103.0,122.5,118.0,116.65
22400103,1610612737,ATL,1610612764,WAS,53,2024-10-28,ATL vs. WAS,10,Unknown,[],[],60.0,2024-25,,,,0.46125,0.451,119,121,112.3,116.33333333333333,121.33333333333333,112.10000000000001
22400121,1610612737,ATL,1610612764,WAS,67,2024-10-30,ATL @ WAS,10,Unknown,[],[],60.0,2024-25,,,,0.4638,0.48950000000000005,120,133,113.2,117.0,121.25,112.15
22400135,1610612737,ATL,1610612758,SAC,59,2024-11-01,ATL vs. SAC,11,Unknown,[],[],58.333333333333336,2024-25,,,,0.4608333333333334,0.483,115,123,110.6,117.6,123.6,112.35999999999999
22400152,1610612737,ATL,1610612740,NOP,63,2024-11-03,ATL @ NOP,11,Unknown,[],[],59.333333333333336,2024-25,,,,0.47614285714285715,0.433,126,111,128.6,117.16666666666667,123.5,112.06666666666666
22400157,1610612737,ATL,1610612738,BOS,65,2024-11-04,ATL vs. BOS,11,Unknown,[],[],61.0,2024-25,,,,0.468625,0.485,93,123,87.7,118.42857142857143,121.71428571428571,114.42857142857143
22400171,1610612737,ATL,1610612752,NYK,48,2024-11-06,ATL vs. NYK,11,Unknown,[],[],60.66666666666666,2024-25,,,,0.46655555555555556,0.488,121,116,122.2,115.25,121.875,111.0875
22400185,1610612737,ATL,1610612765,DET,63,2024-11-08,ATL @ DET,11,Unknown,[],[],66.66666666666667,2024-25,,,,0.46529999999999994,0.512,121,122,113.1,115.88888888888889,121.22222222222223,112.32222222222222
22400198,1610612737,ATL,1610612741,CHI,61,2024-11-09,ATL vs. CHI,11,Unknown,[],[],51.66666666666666,2024-25,,,,0.4649090909090909,0.5,113,125,106.6,116.4,121.3,112.4
22400061,1610612738,BOS,1610612752,NYK,67,2024-10-22,BOS vs. NYK,10,Unknown,[],[],55.66666666666666,2024-25,,,,0.505,0.5195000000000001,132,109,145.1,132.0,109.0,145.1
22400073,1610612738,BOS,1610612764,WAS,65,2024-10-24,BOS @ WAS,10,Unknown,[],[],54.0,2024-25,,,,0.486,0.4703333333333333,122,102,117.3,132.0,109.0,145.1
22400089,1610612738,BOS,1610612765,DET,73,2024-10-26,BOS @ DET,10,Unknown,[],[],55.66666666666666,2024-25,,,,0.46466666666666673,0.5005,124,118,126.5,127.0,105.5,131.2
22400104,1610612738,BOS,1610612749,MIL,57,2024-10-28,BOS vs. MIL,10,Unknown,[],[],62.0,2024-25,,,,0.472,0.451,119,108,117.8,126.0,109.66666666666667,129.63333333333333
22400119,1610612738,BOS,1610612754,IND,66,2024-10-30,BOS @ IND,10,Unknown,[],[],65.0,2024-25,,,,0.4584,0.481,132,135,112.8,124.25,109.25,126.675
22400132,1610612738,BOS,1610612766,CHA,65,2024-11-01,BOS @ CHA,11,Unknown,[],[],59.333333333333336,2024-25,,,,0.4615,0.4235,124,109,125.3,125.8,114.4,123.9
22400141,1610612738,BOS,1610612766,CHA,62,2024-11-02,BOS @ CHA,11,Unknown,[],[],59.333333333333336,2024-25,,,,0.4582857142857143,0.429,113,103,116.5,125.5,113.5,124.13333333333333
22400157,1610612738,BOS,1610612737,ATL,65,2024-11-04,BOS @ ATL,11,Unknown,[],[],61.0,2024-25,,,,0.461625,0.416,123,93,117.1,123.71428571428571,112.0,123.04285714285713
22400172,1610612738,BOS,1610612744,GSW,43,2024-11-06,BOS vs. GSW,11,Unknown,[],[],49.66666666666666,2024-25,,,,0.45722222222222225,0.462,112,118,116.7,123.625,109.625,122.3
22400187,1610612738,BOS,1610612751,BKN,52,2024-11-08,BOS vs. BKN,11,Unknown,[],[],58.0,2024-25,,,,0.4548,0.425,108,104,106.9,122.33333333333333,110.55555555555556,121.67777777777776
22400067,1610612739,CLE,1610612761,TOR,65,2024-10-23,CLE @ TOR,10,Unknown,[],[],60.66666666666666,2024-25,,,,0.586,0.419,136,106,134.7,136.0,106.0,134.7
22400080,1610612739,CLE,1610612765,DET,57,2024-10-25,CLE vs. DET,10,Unknown,[],[],45.66666666666666,2024-25,,,,0.5489999999999999,0.49,113,101,114.1,136.0,106.0,134.7
22400090,1610612739,CLE,1610612764,WAS,53,2024-10-26,CLE @ WAS,10,Unknown,[],[],59.333333333333336,2024-25,,,,0.544,0.449,135,116,127.4,124.5,103.5,124.39999999999999
22400106,1610612739,CLE,1610612752,NYK,40,2024-10-28,CLE @ NYK,10,Unknown,[],[],63.0,2024-25,,,,0.527,0.49433333333333335,110,104,112.2,128.0,107.66666666666667,125.39999999999999
22400118,1610612739,CLE,1610612747,LAL,65,2024-10-30,CLE vs. LAL,10,Unknown,[],[],60.66666666666666,2024-25,,,,0.537,0.494,134,110,127.6,123.5,106.75,122.1
22400133,1610612739,CLE,1610612753,ORL,50,2024-11-01,CLE vs. ORL,11,Unknown,[],[],59.66666666666666,2024-25,,,,0.5318333333333333,0.456,120,109,117.6,125.6,107.4,123.2
22400145,1610612739,CLE,1610612749,MIL,68,2024-11-02,CLE @ MIL,11,Unknown,[],[],53.0,2024-25,,,,0.525,0.46699999999999997,114,113,118.8,124.66666666666667,107.66666666666667,122.26666666666667
22400154,1610612739,CLE,1610612749,MIL,66,2024-11-04,CLE vs. MIL,11,Unknown,[],[],53.0,2024-25,,,,0.5225,0.474,116,114,114.9,123.14285714285714,108.42857142857143,121.77142857142857
22400175,1610612739,CLE,1610612740,NOP,63,2024-11-06,CLE @ NOP,11,Unknown,[],[],50.333333333333336,2024-25,,,,0.5246666666666666,0.45499999999999996,131,122,131.0,122.25,109.125,120.9125
22400188,1610612739,CLE,1610612744,GSW,61,2024-11-08,CLE vs. GSW,11,Unknown,[],[],52.0,2024-25,,,,0.5263,0.471,136,117,127.1,123.22222222222223,110.55555555555556,122.03333333333333
22400199,1610612739,CLE,1610612751,BKN,62,2024-11-09,CLE vs. BKN,11,Unknown,[],[],57.66666666666666,2024-25,,,,0.5276363636363637,0.4323333333333333,105,100,114.1,124.5,111.2,122.54
22400069,1610612740,NOP,1610612741,CHI,54,2024-10-23,NOP vs. CHI,10,Unknown,[],[],58.0,2024-25,,,,0.464,0.494,123,111,113.9,123.0,111.0,113.9
22400086,1610612740,NOP,1610612757,POR,42,2024-10-25,NOP @ POR,10,Unknown,[],[],58.333333333333336,2024-25,,,,0.4415,0.411,105,103,102.9,123.0,111.0,113.9
22400099,1610612740,NOP,1610612757,POR,51,2024-10-27,NOP @ POR,10,Unknown,[],[],58.333333333333336,2024-25,,,,0.4383333333333333,0.4365,103,125,106.2,114.0,107.0,108.4
22400116,1610612740,NOP,1610612744,GSW,45,2024-10-29,NOP @ GSW,10,Unknown,[],[],56.0,2024-25,,,,0.464,0.472,106,124,110.4,110.33333333333333,113.0,107.66666666666667
22400126,1610612740,NOP,1610612744,GSW,48,2024-10-30,NOP @ GSW,10,Unknown,[],[],56.0,2024-25,,,,0.4446,0.47175,89,104,94.7,109.25,115.75,108.35000000000001
22400138,1610612740,NOP,1610612754,IND,70,2024-11-01,NOP vs. IND,11,Unknown,[],[],55.66666666666666,2024-25,,,,0.45133333333333336,0.499,125,118,127.6,105.2,113.4,105.62
22400152,1610612740,NOP,1610612737,ATL,63,2024-11-03,NOP vs. ATL,11,Unknown,[],[],59.333333333333336,2024-25,,,,0.44871428571428573,0.492,111,126,113.3,108.5,114.16666666666667,109.28333333333335
22400164,1610612740,NOP,1610612757,POR,51,2024-11-04,NOP vs. POR,11,Unknown,[],[],58.333333333333336,2024-25,,,,0.449125,0.4736666666666667,100,118,106.4,108.85714285714286,115.85714285714286,109.85714285714286
22400175,1610612740,NOP,1610612739,CLE,63,2024-11-06,NOP vs. CLE,11,Unknown,[],[],50.333333333333336,2024-25,,,,0.45222222222222225,0.542,122,131,124.5,107.75,116.125,109.425
22400186,1610612740,NOP,1610612753,ORL,60,2024-11-08,NOP @ ORL,11,Unknown,[],[],53.66666666666666,2024-25,,,,0.44510000000000005,0.48950000000000005,88,115,91.7,109.33333333333333,117.77777777777777,111.1
22400069,1610612741,CHI,1610612740,NOP,54,2024-10-23,CHI @ NOP,10,Unknown,[],[],58.0,2024-25,,,,0.488,0.458,111,123,102.8,111.0,123.0,102.8
22400083,1610612741,CHI,1610612749,MIL,62,2024-10-25,CHI @ MIL,10,Unknown,[],[],55.66666666666666,2024-25,,,,0.4835,0.47925,133,122,122.0,111.0,123.0,102.8
22400091,1610612741,CHI,1610612760,OKC,47,2024-10-26,CHI vs. OKC,10,Unknown,[],[],59.0,2024-25,,,,0.4383333333333333,0.4575,95,114,82.6,122.0,122.5,112.4
22400108,1610612741,CHI,1610612763,MEM,54,2024-10-28,CHI @ MEM,10,Unknown,[],[],51.333333333333336,2024-25,,,,0.44125,0.459,126,123,120.0,113.0,119.66666666666667,102.46666666666665
22400123,1610612741,CHI,1610612753,ORL,51,2024-10-30,CHI vs. ORL,10,Unknown,[],[],50.333333333333336,2024-25,,,,0.43879999999999997,0.46199999999999997,102,99,100.0,116.25,120.5,106.85
22400136,1610612741,CHI,1610612751,BKN,67,2024-11-01,CHI @ BKN,11,Unknown,[],[],56.333333333333336,2024-25,,,,0.43766666666666665,0.4545,112,120,108.7,113.4,116.2,105.47999999999999
22400160,1610612741,CHI,1610612762,UTA,57,2024-11-04,CHI vs. UTA,11,Unknown,[],[],53.333333333333336,2024-25,,,,0.4428571428571429,0.539,126,135,122.3,113.16666666666667,116.83333333333333,106.01666666666667
22400176,1610612741,CHI,1610612742,DAL,56,2024-11-06,CHI @ DAL,11,Unknown,[],[],59.66666666666666,2024-25,,,,0.439875,0.484,99,119,92.5,115.0,119.42857142857143,108.34285714285714
22400181,1610612741,CHI,1610612750,MIN,62,2024-11-07,CHI vs. MIN,11,Unknown,[],[],60.0,2024-25,,,,0.4503333333333333,0.548,119,135,122.7,113.0,119.375,106.3625
22400198,1610612741,CHI,1610612737,ATL,61,2024-11-09,CHI @ ATL,11,Unknown,[],[],51.66666666666666,2024-25,,,,0.4553,0.48166666666666663,125,113,120.2,113.66666666666667,121.11111111111111,108.17777777777778
22400074,1610612742,DAL,1610612759,SAS,42,2024-10-24,DAL vs. SAS,10,Unknown,[],[],57.66666666666666,2024-25,,,,0.412,0.453,120,109,115.4,120.0,109.0,115.4
22400095,1610612742,DAL,1610612756,PHX,54,2024-10-26,DAL @ PHX,10,Unknown,[],[],56.0,2024-25,,,,0.405,0.45,102,114,104.1,120.0,109.0,115.4
22400110,1610612742,DAL,1610612762,UTA,46,2024-10-28,DAL vs. UTA,10,Unknown,[],[],61.333333333333336,2024-25,,,,0.421,0.4545,110,102,110.0,111.0,111.5,109.75
22400114,1610612742,DAL,1610612750,MIN,60,2024-10-29,DAL @ MIN,10,Unknown,[],[],55.66666666666666,2024-25,,,,0.43674999999999997,0.527,120,114,122.4,110.66666666666667,108.33333333333333,109.83333333333333
22400129,1610612742,DAL,1610612745,HOU,55,2024-10-31,DAL vs. HOU,10,Unknown,[],[],54.66666666666666,2024-25,,,,0.4412,0.412,102,108,107.4,113.0,109.75,112.975
22400153,1610612742,DAL,1610612753,ORL,52,2024-11-03,DAL vs. ORL,11,Unknown,[],[],57.333333333333336,2024-25,,,,0.45,0.42974999999999997,108,85,106.9,110.8,109.4,111.85999999999999
22400165,1610612742,DAL,1610612754,IND,65,2024-11-04,DAL vs. IND,11,Unknown,[],[],59.0,2024-25,,,,0.4595714285714286,0.5219999999999999,127,134,121.0,110.33333333333333,105.33333333333333,111.03333333333335
22400176,1610612742,DAL,1610612741,CHI,56,2024-11-06,DAL vs. CHI,11,Unknown,[],[],59.66666666666666,2024-25,,,,0.462625,0.46900000000000003,119,99,111.2,112.71428571428571,109.42857142857143,112.45714285714287
22400190,1610612742,DAL,1610612756,PHX,62,2024-11-08,DAL vs. PHX,11,Unknown,[],[],56.0,2024-25,,,,0.46811111111111114,0.475,113,114,122.8,113.5,108.125,112.3
22400075,1610612743,DEN,1610612760,OKC,55,2024-10-24,DEN vs. OKC,10,Unknown,[],[],58.333333333333336,2024-25,,,,0.357,0.447,87,102,87.9,87.0,102.0,87.9
22400087,1610612743,DEN,1610612746,LAC,46,2024-10-26,DEN vs. LAC,10,Unknown,[],[],56.66666666666666,2024-25,,,,0.3795,0.488,104,109,107.2,87.0,102.0,87.9
22400107,1610612743,DEN,1610612761,TOR,59,2024-10-28,DEN @ TOR,10,Unknown,[],[],65.0,2024-25,,,,0.4163333333333334,0.4345,127,125,112.4,95.5,105.5,97.55000000000001
22400113,1610612743,DEN,1610612751,BKN,67,2024-10-29,DEN @ BKN,10,Unknown,[],[],64.33333333333333,2024-25,,,,0.4415,0.46560000000000007,144,139,137.1,106.0,112.0,102.5
22400139,1610612743,DEN,1610612750,MIN,62,2024-11-01,DEN @ MIN,11,Unknown,[],[],59.333333333333336,2024-25,,,,0.4424,0.524,116,119,114.9,115.5,118.75,111.15
22400148,1610612743,DEN,1610612762,UTA,63,2024-11-02,DEN vs. UTA,11,Unknown,[],[],55.0,2024-25,,,,0.4495,0.44166666666666665,129,103,121.7,115.6,118.8,111.9
22400166,1610612743,DEN,1610612761,TOR,71,2024-11-04,DEN vs. TOR,11,Unknown,[],[],65.0,2024-25,,,,0.45585714285714285,0.44166666666666665,121,119,118.6,117.83333333333333,116.16666666666667,113.53333333333335
22400177,1610612743,DEN,1610612760,OKC,62,2024-11-06,DEN vs. OKC,11,Unknown,[],[],58.333333333333336,2024-25,,,,0.457875,0.44525,124,122,113.8,118.28571428571429,116.57142857142857,114.25714285714287
22400194,1610612743,DEN,1610612748,MIA,67,2024-11-08,DEN vs. MIA,11,Unknown,[],[],53.333333333333336,2024-25,,,,0.47555555555555556,0.489,135,122,131.1,119.0,117.25,114.2
22400072,1610612744,GSW,1610612757,POR,42,2024-10-23,GSW @ POR,10,Unknown,[],[],70.33333333333333,2024-25,,,,0.516,0.453,140,104,128.4,140.0,104.0,128.4
22400084,1610612744,GSW,1610612762,UTA,56,2024-10-25,GSW @ UTA,10,Unknown,[],[],63.0,2024-25,,,,0.4985,0.41000000000000003,127,86,123.3,140.0,104.0,128.4
22400101,1610612744,GSW,1610612746,LAC,68,2024-10-27,GSW vs. LAC,10,Unknown,[],[],52.66666666666666,2024-25,,,,0.47633333333333333,0.47750000000000004,104,112,100.0,133.5,95.0,125.85
22400116,1610612744,GSW,1610612740,NOP,45,2024-10-29,GSW vs. NOP,10,Unknown,[],[],56.0,2024-25,,,,0.47575,0.47875,124,106,129.2,123.66666666666667,100.66666666666667,117.23333333333333
22400126,1610612744,GSW,1610612740,NOP,48,2024-10-30,GSW vs. NOP,10,Unknown,[],[],56.0,2024-25,,,,0.4748,0.45640000000000003,104,89,111.8,123.75,102.0,120.225
22400144,1610612744,GSW,1610612745,HOU,58,2024-11-02,GSW @ HOU,11,Unknown,[],[],53.66666666666666,2024-25,,,,0.4811666666666667,0.4115,127,121,118.7,119.8,99.4,118.53999999999999
22400155,1610612744,GSW,1610612764,WAS,49,2024-11-04,GSW @ WAS,11,Unknown,[],[],62.66666666666666,2024-25,,,,0.4772857142857143,0.4468,125,112,120.2,121.0,103.0,118.56666666666666
22400172,1610612744,GSW,1610612738,BOS,43,2024-11-06,GSW @ BOS,11,Unknown,[],[],49.66666666666666,2024-25,,,,0.475375,0.4535,118,112,122.9,121.57142857142857,104.28571428571429,118.8
22400188,1610612744,GSW,1610612739,CLE,61,2024-11-08,GSW @ CLE,11,Unknown,[],[],52.0,2024-25,,,,0.4758888888888889,0.5415000000000001,117,136,109.3,121.125,105.25,119.3125
22400068,1610612745,HOU,1610612766,CHA,47,2024-10-23,HOU vs. CHA,10,Unknown,[],[],60.0,2024-25,,,,0.369,0.4335,105,110,109.4,105.0,110.0,109.4
22400082,1610612745,HOU,1610612763,MEM,76,2024-10-25,HOU vs. MEM,10,Unknown,[],[],62.333333333333336,2024-25,,,,0.404,0.4385,128,108,117.4,105.0,110.0,109.4
22400094,1610612745,HOU,1610612759,SAS,69,2024-10-26,HOU @ SAS,10,Unknown,[],[],62.0,2024-25,,,,0.40700000000000003,0.47350000000000003,106,109,111.6,116.5,109.0,113.4
22400109,1610612745,HOU,1610612759,SAS,44,2024-10-28,HOU @ SAS,10,Unknown,[],[],62.0,2024-25,,,,0.40825,0.4573333333333333,106,101,115.2,113.0,109.0,112.8
22400129,1610612745,HOU,1610612742,DAL,55,2024-10-31,HOU @ DAL,10,Unknown,[],[],54.66666666666666,2024-25,,,,0.409,0.47150000000000003,108,102,116.1,111.25,107.0,113.4
22400144,1610612745,HOU,1610612744,GSW,58,2024-11-02,HOU vs. GSW,11,Unknown,[],[],53.66666666666666,2024-25,,,,0.4093333333333333,0.48,121,127,113.1,110.6,106.0,113.94000000000001
22400161,1610612745,HOU,1610612752,NYK,57,2024-11-04,HOU vs. NYK,11,Unknown,[],[],66.66666666666667,2024-25,,,,0.4207142857142857,0.46725,109,97,117.2,112.33333333333333,109.5,113.8
22400173,1610612745,HOU,1610612759,SAS,50,2024-11-06,HOU vs. SAS,11,Unknown,[],[],62.0,2024-25,,,,0.4385,0.4545,127,100,123.3,111.85714285714286,107.71428571428571,114.28571428571429
22400192,1610612745,HOU,1610612760,OKC,62,2024-11-08,HOU @ OKC,11,Unknown,[],[],58.333333333333336,2024-25,,,,0.4378888888888889,0.4584,107,126,103.9,113.75,106.75,115.4125
22400071,1610612746,LAC,1610612756,PHX,45,2024-10-23,LAC vs. PHX,10,Unknown,[],[],48.333333333333336,2024-25,,,,0.457,0.47900000000000004,113,116,100.0,113.0,116.0,100.0
22400087,1610612746,LAC,1610612743,DEN,46,2024-10-26,LAC @ DEN,10,Unknown,[],[],56.66666666666666,2024-25,,,,0.47250000000000003,0.402,109,104,114.7,113.0,116.0,100.0
22400101,1610612746,LAC,1610612744,GSW,68,2024-10-27,LAC @ GSW,10,Unknown,[],[],52.66666666666666,2024-25,,,,0.4706666666666666,0.472,112,104,108.7,111.0,110.0,107.35
22400127,1610612746,LAC,1610612757,POR,50,2024-10-30,LAC vs. POR,10,Unknown,[],[],60.0,2024-25,,,,0.467,0.4516,105,106,111.7,111.33333333333333,108.0,107.8
22400131,1610612746,LAC,1610612756,PHX,57,2024-10-31,LAC vs. PHX,10,Unknown,[],[],48.333333333333336,2024-25,,,,0.4704,0.48725,119,125,119.0,109.75,107.5,108.775
22400150,1610612746,LAC,1610612760,OKC,47,2024-11-02,LAC vs. OKC,11,Unknown,[],[],56.0,2024-25,,,,0.4595,0.4535,92,105,92.0,111.6,111.0,110.82000000000001
22400168,1610612746,LAC,1610612759,SAS,54,2024-11-04,LAC vs. SAS,11,Unknown,[],[],68.33333333333333,2024-25,,,,0.459,0.45199999999999996,113,104,122.8,108.33333333333333,110.0,107.68333333333334
22400179,1610612746,LAC,1610612755,PHI,51,2024-11-06,LAC vs. PHI,11,Unknown,[],[],57.333333333333336,2024-25,,,,0.47275,0.548,110,98,120.9,109.0,109.14285714285714,109.84285714285714
22400196,1610612746,LAC,1610612758,SAC,62,2024-11-08,LAC @ SAC,11,Unknown,[],[],69.66666666666667,2024-25,,,,0.46955555555555556,0.4785,107,98,110.3,109.125,107.75,111.225
22400062,1610612747,LAL,1610612750,MIN,45,2024-10-22,LAL vs. MIN,10,Unknown,[],[],58.66666666666666,2024-25,,,,0.442,0.496,110,103,115.8,110.0,103.0,115.8
22400085,1610612747,LAL,1610612756,PHX,61,2024-10-25,LAL vs. PHX,10,Unknown,[],[],58.333333333333336,2024-25,,,,0.48750000000000004,0.4922000000000001,123,116,121.8,110.0,103.0,115.8
22400096,1610612747,LAL,1610612758,SAC,54,2024-10-26,LAL vs. SAC,10,Unknown,[],[],64.33333333333333,2024-25,,,,0.49899999999999994,0.48933333333333334,131,127,122.4,116.5,109.5,118.8
22400111,1610612747,LAL,1610612756,PHX,59,2024-10-28,LAL @ PHX,10,Unknown,[],[],58.333333333333336,2024-25,,,,0.478,0.4868333333333334,105,109,108.2,121.33333333333333,115.33333333333333,120.0
22400118,1610612747,LAL,1610612739,CLE,65,2024-10-30,LAL @ CLE,10,Unknown,[],[],60.66666666666666,2024-25,,,,0.4812,0.5533333333333333,110,134,104.8,117.25,113.75,117.05
22400137,1610612747,LAL,1610612761,TOR,62,2024-11-01,LAL @ TOR,11,Unknown,[],[],66.33333333333333,2024-25,,,,0.4805,0.45275,131,125,127.2,115.8,117.8,114.6
22400156,1610612747,LAL,1610612765,DET,55,2024-11-04,LAL @ DET,11,Unknown,[],[],56.333333333333336,2024-25,,,,0.47400000000000003,0.48475,103,115,105.1,118.33333333333333,119.0,116.7
22400174,1610612747,LAL,1610612763,MEM,62,2024-11-06,LAL @ MEM,11,Unknown,[],[],47.0,2024-25,,,,0.469875,0.4643333333333333,114,131,111.8,116.14285714285714,118.42857142857143,115.04285714285713
22400195,1610612747,LAL,1610612755,PHI,65,2024-11-08,LAL vs. PHI,11,Unknown,[],[],57.66666666666666,2024-25,,,,0.4752222222222222,0.47700000000000004,116,106,119.6,115.875,120.0,114.6375
22400065,1610612748,MIA,1610612753,ORL,64,2024-10-23,MIA vs. ORL,10,Unknown,[],[],51.0,2024-25,,,,0.39,0.42919999999999997,97,116,100.0,97.0,116.0,100.0
22400088,1610612748,MIA,1610612766,CHA,46,2024-10-26,MIA @ CHA,10,Unknown,[],[],55.333333333333336,2024-25,,,,0.4275,0.4344,114,106,116.3,97.0,116.0,100.0
22400105,1610612748,MIA,1610612765,DET,58,2024-10-28,MIA vs. DET,10,Unknown,[],[],52.66666666666666,2024-25,,,,0.429,0.4648,106,98,110.4,105.5,111.0,108.15
22400122,1610612748,MIA,1610612752,NYK,58,2024-10-30,MIA vs. NYK,10,Unknown,[],[],57.66666666666666,2024-25,,,,0.436,0.47140000000000004,107,116,112.6,105.66666666666667,106.66666666666667,108.89999999999999
22400147,1610612748,MIA,1610612764,WAS,52,2024-11-02,MIA @ WAS,11,Unknown,[],[],56.333333333333336,2024-25,,,,0.4332,0.442,118,98,114.6,106.0,109.0,109.825
22400159,1610612748,MIA,1610612758,SAC,47,2024-11-04,MIA vs. SAC,11,Unknown,[],[],56.66666666666666,2024-25,,,,0.4335,0.495,110,111,117.0,108.4,106.8,110.78
22400178,1610612748,MIA,1610612756,PHX,51,2024-11-06,MIA @ PHX,11,Unknown,[],[],58.333333333333336,2024-25,,,,0.4337142857142857,0.48871428571428577,112,115,114.3,108.66666666666667,107.5,111.81666666666666
22400194,1610612748,MIA,1610612743,DEN,67,2024-11-08,MIA @ DEN,11,Unknown,[],[],53.333333333333336,2024-25,,,,0.440625,0.5095000000000001,122,135,118.4,109.14285714285714,108.57142857142857,112.17142857142858
22400066,1610612749,MIL,1610612755,PHI,45,2024-10-23,MIL @ PHI,10,Unknown,[],[],61.0,2024-25,,,,0.537,0.45733333333333337,124,109,121.6,124.0,109.0,121.6
22400083,1610612749,MIL,1610612741,CHI,62,2024-10-25,MIL vs. CHI,10,Unknown,[],[],55.66666666666666,2024-25,,,,0.516,0.4715,122,133,114.0,124.0,109.0,121.6
22400098,1610612749,MIL,1610612751,BKN,52,2024-10-27,MIL @ BKN,10,Unknown,[],[],59.333333333333336,2024-25,,,,0.49266666666666664,0.4595,102,115,103.0,123.0,121.0,117.8
22400104,1610612749,MIL,1610612738,BOS,57,2024-10-28,MIL @ BOS,10,Unknown,[],[],62.0,2024-25,,,,0.48225,0.467,108,119,105.9,116.0,119.0,112.86666666666667
22400128,1610612749,MIL,1610612763,MEM,64,2024-10-31,MIL @ MEM,10,Unknown,[],[],59.333333333333336,2024-25,,,,0.47119999999999995,0.47925,99,122,96.1,114.0,119.0,111.125
22400145,1610612749,MIL,1610612739,CLE,68,2024-11-02,MIL vs. CLE,11,Unknown,[],[],53.0,2024-25,,,,0.4731666666666667,0.536,113,114,117.7,111.0,119.6,108.12
22400154,1610612749,MIL,1610612739,CLE,66,2024-11-04,MIL @ CLE,11,Unknown,[],[],53.0,2024-25,,,,0.47528571428571426,0.5298,114,116,112.9,111.33333333333333,118.66666666666667,109.71666666666665
22400182,1610612749,MIL,1610612762,UTA,60,2024-11-07,MIL vs. UTA,11,Unknown,[],[],63.333333333333336,2024-25,,,,0.479875,0.4138,123,100,126.8,111.71428571428571,118.28571428571429,110.17142857142858
22400189,1610612749,MIL,1610612752,NYK,57,2024-11-08,MIL @ NYK,11,Unknown,[],[],45.333333333333336,2024-25,,,,0.47477777777777774,0.4716666666666667,94,116,98.9,113.125,116.0,112.25
22400062,1610612750,MIN,1610612747,LAL,45,2024-10-22,MIN @ LAL,10,Unknown,[],[],58.66666666666666,2024-25,,,,0.412,0.46799999999999997,103,110,109.6,103.0,110.0,109.6
22400076,1610612750,MIN,1610612758,SAC,61,2024-10-24,MIN @ SAC,10,Unknown,[],[],55.333333333333336,2024-25,,,,0.4445,0.48860000000000003,117,115,115.8,103.0,110.0,109.6
22400093,1610612750,MIN,1610612761,TOR,50,2024-10-26,MIN vs. TOR,10,Unknown,[],[],58.66666666666666,2024-25,,,,0.453,0.45339999999999997,112,101,110.9,110.0,112.5,112.69999999999999
22400114,1610612750,MIN,1610612742,DAL,60,2024-10-29,MIN vs. DAL,10,Unknown,[],[],55.66666666666666,2024-25,,,,0.46625,0.4756666666666667,114,120,117.5,110.66666666666667,108.66666666666667,112.10000000000001
22400139,1610612750,MIN,1610612743,DEN,62,2024-11-01,MIN vs. DEN,11,Unknown,[],[],59.333333333333336,2024-25,,,,0.4766,0.48833333333333334,119,116,119.0,111.5,111.5,113.45
22400146,1610612750,MIN,1610612759,SAS,64,2024-11-02,MIN @ SAS,11,Unknown,[],[],62.0,2024-25,,,,0.4765,0.463,103,113,108.4,113.0,112.4,114.55999999999999
22400162,1610612750,MIN,1610612766,CHA,48,2024-11-04,MIN vs. CHA,11,Unknown,[],[],61.0,2024-25,,,,0.479,0.4283333333333334,114,93,116.3,111.33333333333333,112.5,113.53333333333335
22400181,1610612750,MIN,1610612741,CHI,62,2024-11-07,MIN @ CHI,11,Unknown,[],[],60.0,2024-25,,,,0.487625,0.484,135,119,137.8,111.71428571428571,109.71428571428571,113.92857142857143
22400193,1610612750,MIN,1610612757,POR,52,2024-11-08,MIN vs. POR,11,Unknown,[],[],57.66666666666666,2024-25,,,,0.48733333333333334,0.44783333333333336,127,102,122.1,114.625,110.875,116.9125
22400064,1610612751,BKN,1610612737,ATL,54,2024-10-23,BKN @ ATL,10,Unknown,[],[],61.66666666666666,2024-25,,,,0.44,0.483,116,120,110.5,116.0,120.0,110.5
22400077,1610612751,BKN,1610612753,ORL,45,2024-10-25,BKN @ ORL,10,Unknown,[],[],50.0,2024-25,,,,0.431,0.4443333333333333,101,116,102.0,116.0,120.0,110.5
22400098,1610612751,BKN,1610612749,MIL,52,2024-10-27,BKN vs. MIL,10,Unknown,[],[],59.333333333333336,2024-25,,,,0.4303333333333333,0.4726,115,102,116.2,108.5,118.0,106.25
22400113,1610612751,BKN,1610612743,DEN,67,2024-10-29,BKN vs. DEN,10,Unknown,[],[],64.33333333333333,2024-25,,,,0.45025,0.4955,139,144,131.1,110.66666666666667,112.66666666666667,109.56666666666666
22400124,1610612751,BKN,1610612763,MEM,63,2024-10-30,BKN @ MEM,10,Unknown,[],[],67.33333333333333,2024-25,,,,0.46259999999999996,0.4772,119,106,120.2,117.75,120.5,114.95
22400136,1610612751,BKN,1610612741,CHI,67,2024-11-01,BKN vs. CHI,11,Unknown,[],[],56.333333333333336,2024-25,,,,0.4723333333333333,0.47533333333333333,120,112,118.8,118.0,117.6,116.0
22400151,1610612751,BKN,1610612765,DET,54,2024-11-03,BKN vs. DET,11,Unknown,[],[],64.66666666666667,2024-25,,,,0.4692857142857143,0.46749999999999997,92,106,98.9,118.33333333333333,116.66666666666667,116.46666666666665
22400158,1610612751,BKN,1610612763,MEM,53,2024-11-04,BKN vs. MEM,11,Unknown,[],[],67.33333333333333,2024-25,,,,0.470125,0.4765,106,104,115.2,114.57142857142857,115.14285714285714,113.95714285714287
22400187,1610612751,BKN,1610612738,BOS,52,2024-11-08,BKN @ BOS,11,Unknown,[],[],58.0,2024-25,,,,0.4634444444444445,0.4585,104,108,103.0,113.5,113.75,114.1125
22400199,1610612751,BKN,1610612739,CLE,62,2024-11-09,BKN @ CLE,11,Unknown,[],[],57.66666666666666,2024-25,,,,0.46180000000000004,0.5316666666666666,100,105,108.7,112.44444444444444,113.11111111111111,112.87777777777778
22400061,1610612752,NYK,1610612738,BOS,67,2024-10-22,NYK @ BOS,10,Unknown,[],[],55.66666666666666,2024-25,,,,0.551,0.4678,109,132,119.8,109.0,132.0,119.8
22400081,1610612752,NYK,1610612754,IND,49,2024-10-25,NYK vs. IND,10,Unknown,[],[],70.33333333333333,2024-25,,,,0.5375000000000001,0.515,123,98,126.8,109.0,132.0,119.8
22400106,1610612752,NYK,1610612739,CLE,40,2024-10-28,NYK vs. CLE,10,Unknown,[],[],63.0,2024-25,,,,0.5063333333333334,0.5237142857142857,104,110,108.3,116.0,115.0,123.3
22400122,1610612752,NYK,1610612748,MIA,58,2024-10-30,NYK @ MIA,10,Unknown,[],[],57.66666666666666,2024-25,,,,0.50175,0.473,116,107,123.4,112.0,113.33333333333333,118.3
22400134,1610612752,NYK,1610612765,DET,52,2024-11-01,NYK @ DET,11,Unknown,[],[],63.0,2024-25,,,,0.5044000000000001,0.473,128,98,129.3,113.0,111.75,119.575
22400161,1610612752,NYK,1610612745,HOU,57,2024-11-04,NYK @ HOU,11,Unknown,[],[],66.66666666666667,2024-25,,,,0.48466666666666663,0.4373333333333333,97,109,105.4,116.0,109.0,121.52000000000001
22400171,1610612752,NYK,1610612737,ATL,48,2024-11-06,NYK @ ATL,11,Unknown,[],[],60.66666666666666,2024-25,,,,0.48514285714285715,0.47639999999999993,116,121,116.0,112.83333333333333,109.0,118.83333333333333
22400189,1610612752,NYK,1610612749,MIL,57,2024-11-08,NYK vs. MIL,11,Unknown,[],[],45.333333333333336,2024-25,,,,0.48362499999999997,0.4661666666666667,116,94,123.4,113.28571428571429,110.71428571428571,118.42857142857143
22400065,1610612753,ORL,1610612748,MIA,64,2024-10-23,ORL @ MIA,10,Unknown,[],[],51.0,2024-25,,,,0.427,0.44533333333333336,116,97,118.4,116.0,97.0,118.4
22400077,1610612753,ORL,1610612751,BKN,45,2024-10-25,ORL vs. BKN,10,Unknown,[],[],50.0,2024-25,,,,0.47350000000000003,0.4541428571428572,116,101,118.4,116.0,97.0,118.4
22400092,1610612753,ORL,1610612763,MEM,58,2024-10-26,ORL @ MEM,10,Unknown,[],[],49.66666666666666,2024-25,,,,0.45733333333333337,0.4848571428571429,111,124,106.7,116.0,99.0,118.4
22400102,1610612753,ORL,1610612754,IND,71,2024-10-28,ORL vs. IND,10,Unknown,[],[],60.66666666666666,2024-25,,,,0.4605,0.5052,119,115,119.0,114.33333333333333,107.33333333333333,114.5
22400123,1610612753,ORL,1610612741,CHI,51,2024-10-30,ORL @ CHI,10,Unknown,[],[],50.333333333333336,2024-25,,,,0.44980000000000003,0.4687142857142857,99,102,97.1,115.5,109.25,115.625
22400133,1610612753,ORL,1610612739,CLE,50,2024-11-01,ORL @ CLE,11,Unknown,[],[],59.66666666666666,2024-25,,,,0.45083333333333336,0.5215,109,120,107.9,112.2,107.8,111.92
22400153,1610612753,ORL,1610612742,DAL,52,2024-11-03,ORL @ DAL,11,Unknown,[],[],57.333333333333336,2024-25,,,,0.43400000000000005,0.48025,85,108,84.2,111.66666666666667,109.83333333333333,111.25
22400163,1610612753,ORL,1610612760,OKC,65,2024-11-04,ORL @ OKC,11,Unknown,[],[],61.333333333333336,2024-25,,,,0.424,0.4542857142857143,86,102,86.0,107.85714285714286,109.57142857142857,107.38571428571429
22400170,1610612753,ORL,1610612754,IND,64,2024-11-06,ORL @ IND,11,Unknown,[],[],60.66666666666666,2024-25,,,,0.43377777777777776,0.5108333333333334,111,118,115.6,105.125,108.625,104.7125
22400186,1610612753,ORL,1610612740,NOP,60,2024-11-08,ORL vs. NOP,11,Unknown,[],[],53.66666666666666,2024-25,,,,0.4427,0.44383333333333336,115,88,119.8,105.77777777777777,109.66666666666667,105.92222222222222
22400063,1610612754,IND,1610612765,DET,56,2024-10-23,IND @ DET,10,Unknown,[],[],61.66666666666666,2024-25,,,,0.506,0.467875,115,109,113.9,115.0,109.0,113.9
22400081,1610612754,IND,1610612752,NYK,49,2024-10-25,IND @ NYK,10,Unknown,[],[],70.33333333333333,2024-25,,,,0.5,0.47914285714285715,98,123,100.0,115.0,109.0,113.9
22400097,1610612754,IND,1610612755,PHI,51,2024-10-27,IND vs. PHI,10,Unknown,[],[],63.333333333333336,2024-25,,,,0.488,0.45025000000000004,114,118,105.6,106.5,116.0,106.95
22400102,1610612754,IND,1610612753,ORL,71,2024-10-28,IND @ ORL,10,Unknown,[],[],60.66666666666666,2024-25,,,,0.48250000000000004,0.448,115,119,113.9,109.0,116.66666666666667,106.5
22400119,1610612754,IND,1610612738,BOS,66,2024-10-30,IND vs. BOS,10,Unknown,[],[],65.0,2024-25,,,,0.4822,0.45716666666666667,135,132,112.5,110.5,117.25,108.35
22400138,1610612754,IND,1610612740,NOP,70,2024-11-01,IND @ NOP,11,Unknown,[],[],55.66666666666666,2024-25,,,,0.488,0.44971428571428573,118,125,120.4,115.4,120.2,109.17999999999999
22400165,1610612754,IND,1610612742,DAL,65,2024-11-04,IND @ DAL,11,Unknown,[],[],59.0,2024-25,,,,0.49942857142857144,0.4875999999999999,134,127,126.4,115.83333333333333,121.0,111.05
22400170,1610612754,IND,1610612753,ORL,64,2024-11-06,IND vs. ORL,11,Unknown,[],[],60.66666666666666,2024-25,,,,0.504375,0.45599999999999996,118,111,121.6,118.42857142857143,121.85714285714286,113.24285714285715
22400184,1610612754,IND,1610612766,CHA,55,2024-11-08,IND @ CHA,11,Unknown,[],[],52.66666666666666,2024-25,,,,0.4925555555555555,0.42742857142857144,83,103,88.3,118.375,120.5,114.2875
22400066,1610612755,PHI,1610612749,MIL,45,2024-10-23,PHI vs. MIL,10,Unknown,[],[],61.0,2024-25,,,,0.418,0.4762857142857143,109,124,109.0,109.0,124.0,109.0
22400078,1610612755,PHI,1610612761,TOR,61,2024-10-25,PHI @ TOR,10,Unknown,[],[],53.333333333333336,2024-25,,,,0.4,0.4546666666666667,107,115,104.9,109.0,124.0,109.0
22400097,1610612755,PHI,1610612754,IND,51,2024-10-27,PHI @ IND,10,Unknown,[],[],63.333333333333336,2024-25,,,,0.4096666666666667,0.5041428571428571,118,114,108.3,108.0,119.5,106.95
22400120,1610612755,PHI,1610612765,DET,48,2024-10-30,PHI vs. DET,10,Unknown,[],[],58.333333333333336,2024-25,,,,0.41175,0.4672222222222222,95,105,103.3,111.33333333333333,117.66666666666667,107.39999999999999
22400142,1610612755,PHI,1610612763,MEM,52,2024-11-02,PHI vs. MEM,11,Unknown,[],[],62.333333333333336,2024-25,,,,0.4102,0.49325,107,124,108.1,107.25,114.5,106.375
22400167,1610612755,PHI,1610612756,PHX,54,2024-11-04,PHI @ PHX,11,Unknown,[],[],59.66666666666666,2024-25,,,,0.41850000000000004,0.491625,116,118,114.9,107.2,116.4,106.72
22400179,1610612755,PHI,1610612746,LAC,51,2024-11-06,PHI @ LAC,11,Unknown,[],[],57.333333333333336,2024-25,,,,0.437,0.508,98,110,107.7,108.66666666666667,116.66666666666667,108.08333333333333
22400195,1610612755,PHI,1610612747,LAL,65,2024-11-08,PHI @ LAL,11,Unknown,[],[],57.66666666666666,2024-25,,,,0.433125,0.48466666666666663,106,116,110.4,107.14285714285714,115.71428571428571,108.02857142857144
22400071,1610612756,PHX,1610612746,LAC,45,2024-10-23,PHX @ LAC,10,Unknown,[],[],48.333333333333336,2024-25,,,,0.487,0.49525,116,113,102.7,116.0,113.0,102.7
22400085,1610612756,PHX,1610612747,LAL,61,2024-10-25,PHX @ LAL,10,Unknown,[],[],58.333333333333336,2024-25,,,,0.4995,0.49675,116,123,113.7,116.0,113.0,102.7
22400095,1610612756,PHX,1610612742,DAL,54,2024-10-26,PHX vs. DAL,10,Unknown,[],[],56.0,2024-25,,,,0.48300000000000004,0.4726666666666666,114,102,117.5,116.0,118.0,108.2
22400111,1610612756,PHX,1610612747,LAL,59,2024-10-28,PHX vs. LAL,10,Unknown,[],[],58.333333333333336,2024-25,,,,0.47725,0.48040000000000005,109,105,113.5,115.33333333333333,112.66666666666667,111.3
22400131,1610612756,PHX,1610612746,LAC,57,2024-10-31,PHX @ LAC,10,Unknown,[],[],48.333333333333336,2024-25,,,,0.4842000000000001,0.493,125,119,123.8,113.75,110.75,111.85
22400149,1610612756,PHX,1610612757,POR,40,2024-11-02,PHX vs. POR,11,Unknown,[],[],55.66666666666666,2024-25,,,,0.4661666666666667,0.43142857142857144,103,97,100.0,116.0,112.4,114.24000000000001
22400167,1610612756,PHX,1610612755,PHI,54,2024-11-04,PHX vs. PHI,11,Unknown,[],[],59.66666666666666,2024-25,,,,0.47271428571428575,0.45220000000000005,118,116,116.8,113.83333333333333,109.83333333333333,111.86666666666667
22400178,1610612756,PHX,1610612748,MIA,51,2024-11-06,PHX vs. MIA,11,Unknown,[],[],58.333333333333336,2024-25,,,,0.476125,0.44275,115,112,117.3,114.42857142857143,110.71428571428571,112.57142857142857
22400190,1610612756,PHX,1610612742,DAL,62,2024-11-08,PHX @ DAL,11,Unknown,[],[],56.0,2024-25,,,,0.4787777777777778,0.47828571428571426,114,113,123.9,114.5,110.875,113.1625
22400072,1610612757,POR,1610612744,GSW,42,2024-10-23,POR vs. GSW,10,Unknown,[],[],70.33333333333333,2024-25,,,,0.391,0.47828571428571426,104,140,96.3,104.0,140.0,96.3
22400086,1610612757,POR,1610612740,NOP,42,2024-10-25,POR vs. NOP,10,Unknown,[],[],58.333333333333336,2024-25,,,,0.401,0.445875,103,105,101.0,104.0,140.0,96.3
22400099,1610612757,POR,1610612740,NOP,51,2024-10-27,POR vs. NOP,10,Unknown,[],[],58.333333333333336,2024-25,,,,0.42133333333333334,0.44433333333333336,125,103,128.9,103.5,122.5,98.65
22400112,1610612757,POR,1610612758,SAC,45,2024-10-28,POR @ SAC,10,Unknown,[],[],56.0,2024-25,,,,0.4215,0.48333333333333334,98,111,100.0,110.66666666666667,116.0,108.73333333333333
22400127,1610612757,POR,1610612746,LAC,50,2024-10-30,POR @ LAC,10,Unknown,[],[],60.0,2024-25,,,,0.4264,0.4868333333333334,106,105,111.6,107.5,114.75,106.55
22400140,1610612757,POR,1610612760,OKC,61,2024-11-01,POR vs. OKC,11,Unknown,[],[],61.333333333333336,2024-25,,,,0.43366666666666664,0.464625,114,137,114.0,107.2,112.8,107.55999999999999
22400149,1610612757,POR,1610612756,PHX,40,2024-11-02,POR @ PHX,11,Unknown,[],[],55.66666666666666,2024-25,,,,0.4192857142857143,0.4787777777777778,97,103,95.1,108.33333333333333,116.83333333333333,108.63333333333333
22400164,1610612757,POR,1610612740,NOP,51,2024-11-04,POR @ NOP,11,Unknown,[],[],58.333333333333336,2024-25,,,,0.435375,0.44509999999999994,118,100,128.3,106.71428571428571,114.85714285714286,106.7
22400183,1610612757,POR,1610612759,SAS,60,2024-11-07,POR @ SAS,11,Unknown,[],[],71.33333333333333,2024-25,,,,0.44,0.4735714285714286,105,118,110.5,108.125,113.0,109.4
22400193,1610612757,POR,1610612750,MIN,52,2024-11-08,POR @ MIN,11,Unknown,[],[],57.66666666666666,2024-25,,,,0.4389,0.49379999999999996,102,127,99.0,107.77777777777777,113.55555555555556,109.52222222222223
22400076,1610612758,SAC,1610612750,MIN,61,2024-10-24,SAC vs. MIN,10,Unknown,[],[],55.333333333333336,2024-25,,,,0.463,0.49100000000000005,115,117,112.7,115.0,117.0,112.7
22400096,1610612758,SAC,1610612747,LAL,54,2024-10-26,SAC @ LAL,10,Unknown,[],[],64.33333333333333,2024-25,,,,0.487,0.48733333333333334,127,131,119.8,115.0,117.0,112.7
22400112,1610612758,SAC,1610612757,POR,45,2024-10-28,SAC vs. POR,10,Unknown,[],[],56.0,2024-25,,,,0.47700000000000004,0.43025,111,98,114.4,121.0,124.0,116.25
22400115,1610612758,SAC,1610612762,UTA,56,2024-10-29,SAC @ UTA,10,Unknown,[],[],58.333333333333336,2024-25,,,,0.48825,0.4103333333333334,113,96,115.3,117.66666666666667,115.33333333333333,115.63333333333333
22400135,1610612758,SAC,1610612737,ATL,59,2024-11-01,SAC @ ATL,11,Unknown,[],[],58.333333333333336,2024-25,,,,0.48719999999999997,0.4713333333333333,123,115,118.3,116.5,110.5,115.55
22400143,1610612758,SAC,1610612761,TOR,66,2024-11-02,SAC @ TOR,11,Unknown,[],[],51.0,2024-25,,,,0.48266666666666663,0.4588571428571429,128,131,110.3,117.8,111.4,116.1
22400159,1610612758,SAC,1610612748,MIA,47,2024-11-04,SAC @ MIA,11,Unknown,[],[],56.66666666666666,2024-25,,,,0.48685714285714293,0.4412,111,110,122.0,119.5,114.66666666666667,115.13333333333333
22400180,1610612758,SAC,1610612761,TOR,63,2024-11-06,SAC vs. TOR,11,Unknown,[],[],51.0,2024-25,,,,0.484375,0.462625,122,107,128.4,118.28571428571429,114.0,116.11428571428571
22400196,1610612758,SAC,1610612746,LAC,62,2024-11-08,SAC vs. LAC,11,Unknown,[],[],69.66666666666667,2024-25,,,,0.4832222222222222,0.48071428571428576,98,107,100.0,118.75,113.125,117.65
22400074,1610612759,SAS,1610612742,DAL,42,2024-10-24,SAS @ DAL,10,Unknown,[],[],57.66666666666666,2024-25,,,,0.453,0.47,109,120,103.8,109.0,120.0,103.8
22400094,1610612759,SAS,1610612745,HOU,69,2024-10-26,SAS vs. HOU,10,Unknown,[],[],62.0,2024-25,,,,0.47350000000000003,0.43124999999999997,109,106,113.5,109.0,120.0,103.8
22400109,1610612759,SAS,1610612745,HOU,44,2024-10-28,SAS vs. HOU,10,Unknown,[],[],62.0,2024-25,,,,0.4573333333333333,0.4274,101,106,107.4,109.0,113.0,108.65
22400125,1610612759,SAS,1610612760,OKC,45,2024-10-30,SAS @ OKC,10,Unknown,[],[],62.0,2024-25,,,,0.446,0.4642222222222222,93,105,93.0,106.33333333333333,110.66666666666667,108.23333333333333
22400130,1610612759,SAS,1610612762,UTA,49,2024-10-31,SAS @ UTA,10,Unknown,[],[],62.66666666666666,2024-25,,,,0.4394,0.4074285714285714,106,88,105.0,103.0,109.25,104.425
22400146,1610612759,SAS,1610612750,MIN,64,2024-11-02,SAS vs. MIN,11,Unknown,[],[],62.0,2024-25,,,,0.45249999999999996,0.4888571428571429,113,103,117.7,103.6,105.0,104.54
22400168,1610612759,SAS,1610612746,LAC,54,2024-11-04,SAS @ LAC,11,Unknown,[],[],68.33333333333333,2024-25,,,,0.451,0.477625,104,113,114.3,105.16666666666667,104.66666666666667,106.73333333333333
22400173,1610612759,SAS,1610612745,HOU,50,2024-11-06,SAS @ HOU,11,Unknown,[],[],62.0,2024-25,,,,0.45037499999999997,0.44999999999999996,100,127,97.1,105.0,105.85714285714286,107.81428571428572
22400183,1610612759,SAS,1610612757,POR,60,2024-11-07,SAS vs. POR,11,Unknown,[],[],71.33333333333333,2024-25,,,,0.45999999999999996,0.43544444444444447,118,105,125.5,104.375,108.5,106.475
22400197,1610612759,SAS,1610612762,UTA,47,2024-11-09,SAS vs. UTA,11,Unknown,[],[],62.66666666666666,2024-25,,,,0.4587,0.414375,110,111,105.8,105.88888888888889,108.11111111111111,108.58888888888889
22400075,1610612760,OKC,1610612743,DEN,55,2024-10-24,OKC @ DEN,10,Unknown,[],[],58.333333333333336,2024-25,,,,0.426,0.4678,102,87,104.1,102.0,87.0,104.1
22400091,1610612760,OKC,1610612741,CHI,47,2024-10-26,OKC @ CHI,10,Unknown,[],[],59.0,2024-25,,,,0.4235,0.453625,114,95,99.1,102.0,87.0,104.1
22400100,1610612760,OKC,1610612737,ATL,50,2024-10-27,OKC vs. ATL,10,Unknown,[],[],68.0,2024-25,,,,0.447,0.4605714285714285,128,104,125.5,108.0,91.0,101.6
22400125,1610612760,OKC,1610612759,SAS,45,2024-10-30,OKC vs. SAS,10,Unknown,[],[],62.0,2024-25,,,,0.4505,0.465875,105,93,106.1,114.66666666666667,95.33333333333333,109.56666666666666
22400140,1610612760,OKC,1610612757,POR,61,2024-11-01,OKC @ POR,11,Unknown,[],[],61.333333333333336,2024-25,,,,0.4678,0.4389,137,114,137.0,112.25,94.75,108.69999999999999
22400150,1610612760,OKC,1610612746,LAC,47,2024-11-02,OKC @ LAC,11,Unknown,[],[],56.0,2024-25,,,,0.4613333333333333,0.46955555555555556,105,92,105.0,117.2,98.6,114.35999999999999
22400163,1610612760,OKC,1610612753,ORL,65,2024-11-04,OKC vs. ORL,11,Unknown,[],[],61.333333333333336,2024-25,,,,0.46099999999999997,0.44466666666666665,102,86,101.0,115.16666666666667,97.5,112.8
22400177,1610612760,OKC,1610612743,DEN,62,2024-11-06,OKC @ DEN,11,Unknown,[],[],58.333333333333336,2024-25,,,,0.458375,0.46849999999999997,122,124,111.9,113.28571428571429,95.85714285714286,111.11428571428571
22400192,1610612760,OKC,1610612745,HOU,62,2024-11-08,OKC vs. HOU,11,Unknown,[],[],58.333333333333336,2024-25,,,,0.4642222222222222,0.44757142857142856,126,107,122.3,114.375,99.375,111.2125
22400067,1610612761,TOR,1610612739,CLE,65,2024-10-23,TOR vs. CLE,10,Unknown,[],[],60.66666666666666,2024-25,,,,0.419,0.5286666666666666,106,136,102.9,106.0,136.0,102.9
22400078,1610612761,TOR,1610612755,PHI,61,2024-10-25,TOR vs. PHI,10,Unknown,[],[],53.333333333333336,2024-25,,,,0.44,0.44050000000000006,115,107,113.9,106.0,136.0,102.9
22400093,1610612761,TOR,1610612750,MIN,50,2024-10-26,TOR @ MIN,10,Unknown,[],[],58.66666666666666,2024-25,,,,0.44533333333333336,0.4865,101,112,101.0,110.5,121.5,108.4
22400107,1610612761,TOR,1610612743,DEN,59,2024-10-28,TOR vs. DEN,10,Unknown,[],[],65.0,2024-25,,,,0.4465,0.4715714285714286,125,127,109.6,107.33333333333333,118.33333333333333,105.93333333333334
22400117,1610612761,TOR,1610612766,CHA,46,2024-10-30,TOR @ CHA,10,Unknown,[],[],60.333333333333336,2024-25,,,,0.47140000000000004,0.439125,133,138,129.1,111.75,120.5,106.85
22400137,1610612761,TOR,1610612747,LAL,62,2024-11-01,TOR vs. LAL,11,Unknown,[],[],66.33333333333333,2024-25,,,,0.47383333333333333,0.4858571428571428,125,131,121.4,116.0,124.0,111.3
22400143,1610612761,TOR,1610612758,SAC,66,2024-11-02,TOR vs. SAC,11,Unknown,[],[],51.0,2024-25,,,,0.47528571428571426,0.48,131,128,112.9,117.5,125.16666666666667,112.98333333333333
22400166,1610612761,TOR,1610612743,DEN,71,2024-11-04,TOR @ DEN,11,Unknown,[],[],65.0,2024-25,,,,0.472875,0.474375,119,121,115.5,119.42857142857143,125.57142857142857,112.97142857142856
22400180,1610612761,TOR,1610612758,SAC,63,2024-11-06,TOR @ SAC,11,Unknown,[],[],51.0,2024-25,,,,0.4746666666666667,0.478375,107,122,113.8,119.375,125.0,113.2875
22400070,1610612762,UTA,1610612763,MEM,52,2024-10-23,UTA vs. MEM,10,Unknown,[],[],52.66666666666666,2024-25,,,,0.471,0.49100000000000005,124,126,119.2,124.0,126.0,119.2
22400084,1610612762,UTA,1610612744,GSW,56,2024-10-25,UTA vs. GSW,10,Unknown,[],[],63.0,2024-25,,,,0.393,0.47862499999999997,86,127,82.7,124.0,126.0,119.2
22400110,1610612762,UTA,1610612742,DAL,46,2024-10-28,UTA @ DAL,10,Unknown,[],[],61.333333333333336,2024-25,,,,0.3853333333333333,0.46811111111111114,102,110,101.0,105.0,126.5,100.95
22400115,1610612762,UTA,1610612758,SAC,56,2024-10-29,UTA vs. SAC,10,Unknown,[],[],58.333333333333336,2024-25,,,,0.38725,0.4832222222222222,96,113,98.0,104.0,121.0,100.96666666666665
22400130,1610612762,UTA,1610612759,SAS,49,2024-10-31,UTA vs. SAS,10,Unknown,[],[],62.66666666666666,2024-25,,,,0.38780000000000003,0.45999999999999996,88,106,88.0,102.0,119.0,100.225
22400148,1610612762,UTA,1610612743,DEN,63,2024-11-02,UTA @ DEN,11,Unknown,[],[],55.0,2024-25,,,,0.3925,0.47555555555555556,103,129,97.2,99.2,116.4,97.78
22400160,1610612762,UTA,1610612741,CHI,57,2024-11-04,UTA @ CHI,11,Unknown,[],[],53.333333333333336,2024-25,,,,0.4134285714285714,0.45588888888888884,135,126,131.1,99.83333333333333,118.5,97.68333333333334
22400182,1610612762,UTA,1610612749,MIL,60,2024-11-07,UTA @ MIL,11,Unknown,[],[],63.333333333333336,2024-25,,,,0.415375,0.48075,100,123,103.1,104.85714285714286,119.57142857142857,102.45714285714287
22400197,1610612762,UTA,1610612759,SAS,47,2024-11-09,UTA @ SAS,11,Unknown,[],[],62.66666666666666,2024-25,,,,0.4206666666666667,0.4587,111,110,106.7,104.25,120.0,102.5375
22400070,1610612763,MEM,1610612762,UTA,52,2024-10-23,MEM @ UTA,10,Unknown,[],[],52.66666666666666,2024-25,,,,0.473,0.4206666666666667,126,124,120.0,126.0,124.0,120.0
22400082,1610612763,MEM,1610612745,HOU,76,2024-10-25,MEM @ HOU,10,Unknown,[],[],62.333333333333336,2024-25,,,,0.4455,0.4465,108,128,100.0,126.0,124.0,120.0
22400092,1610612763,MEM,1610612753,ORL,58,2024-10-26,MEM vs. ORL,10,Unknown,[],[],49.66666666666666,2024-25,,,,0.47533333333333333,0.4427,124,111,118.1,117.0,126.0,110.0
22400108,1610612763,MEM,1610612741,CHI,54,2024-10-28,MEM vs. CHI,10,Unknown,[],[],51.333333333333336,2024-25,,,,0.47125,0.4553,123,126,118.3,119.33333333333333,121.0,112.7
22400124,1610612763,MEM,1610612751,BKN,63,2024-10-30,MEM vs. BKN,10,Unknown,[],[],67.33333333333333,2024-25,,,,0.4708,0.461375,106,119,107.1,120.25,122.25,114.1
22400128,1610612763,MEM,1610612749,MIL,64,2024-10-31,MEM vs. MIL,10,Unknown,[],[],59.333333333333336,2024-25,,,,0.4796666666666667,0.47477777777777774,122,99,116.2,117.4,121.6,112.7
22400142,1610612763,MEM,1610612755,PHI,52,2024-11-02,MEM @ PHI,11,Unknown,[],[],62.333333333333336,2024-25,,,,0.48999999999999994,0.43528571428571433,124,107,124.0,118.16666666666667,117.83333333333333,113.28333333333335
22400158,1610612763,MEM,1610612751,BKN,53,2024-11-04,MEM @ BKN,11,Unknown,[],[],67.33333333333333,2024-25,,,,0.487875,0.46299999999999997,104,106,110.6,119.0,116.28571428571429,114.81428571428572
22400174,1610612763,MEM,1610612747,LAL,62,2024-11-06,MEM vs. LAL,11,Unknown,[],[],47.0,2024-25,,,,0.49099999999999994,0.48025,131,114,127.2,117.125,115.0,114.2875
22400191,1610612763,MEM,1610612764,WAS,58,2024-11-08,MEM vs. WAS,11,Unknown,[],[],45.333333333333336,2024-25,,,,0.48929999999999996,0.4372857142857143,128,104,121.9,118.66666666666667,114.88888888888889,115.72222222222223
22400073,1610612764,WAS,1610612738,BOS,65,2024-10-24,WAS vs. BOS,10,Unknown,[],[],54.0,2024-25,,,,0.432,0.4585714285714286,102,122,99.0,102.0,122.0,99.0
22400090,1610612764,WAS,1610612739,CLE,53,2024-10-26,WAS vs. CLE,10,Unknown,[],[],59.333333333333336,2024-25,,,,0.4085,0.5292,116,135,111.5,102.0,122.0,99.0
22400103,1610612764,WAS,1610612737,ATL,53,2024-10-28,WAS @ ATL,10,Unknown,[],[],60.0,2024-25,,,,0.4226666666666667,0.463125,121,119,115.2,109.0,128.5,105.25
22400121,1610612764,WAS,1610612737,ATL,67,2024-10-30,WAS vs. ATL,10,Unknown,[],[],60.0,2024-25,,,,0.449,0.4643333333333334,133,120,125.5,113.0,125.33333333333333,108.56666666666666
22400147,1610612764,WAS,1610612748,MIA,52,2024-11-02,MIA @ WAS,11,Unknown,[],[],56.333333333333336,2024-25,,,,0.44279999999999997,0.438,98,118,95.1,118.0,124.0,112.8
22400155,1610612764,WAS,1610612744,GSW,49,2024-11-04,WAS vs. GSW,11,Unknown,[],[],62.66666666666666,2024-25,,,,0.442,0.4758888888888888,112,125,108.7,114.0,122.8,109.25999999999999
22400191,1610612764,WAS,1610612763,MEM,58,2024-11-08,WAS @ MEM,11,Unknown,[],[],45.333333333333336,2024-25,,,,0.4372857142857143,0.48929999999999996,104,128,99.0,113.66666666666667,123.16666666666667,109.16666666666667
22400063,1610612765,DET,1610612754,IND,56,2024-10-23,DET vs. IND,10,Unknown,[],[],61.66666666666666,2024-25,,,,0.432,0.504375,109,115,110.1,109.0,115.0,110.1
22400080,1610612765,DET,1610612739,CLE,57,2024-10-25,DET @ CLE,10,Unknown,[],[],45.66666666666666,2024-25,,,,0.4505,0.5276363636363637,101,113,101.0,109.0,115.0,110.1
22400089,1610612765,DET,1610612738,BOS,73,2024-10-26,DET vs. BOS,10,Unknown,[],[],55.66666666666666,2024-25,,,,0.4633333333333333,0.454,118,124,121.6,105.0,114.0,105.55
22400105,1610612765,DET,1610612748,MIA,58,2024-10-28,DET @ MIA,10,Unknown,[],[],52.66666666666666,2024-25,,,,0.44375,0.43714285714285717,98,106,102.1,109.33333333333333,117.33333333333333,110.89999999999999
22400120,1610612765,DET,1610612755,PHI,48,2024-10-30,DET @ PHI,10,Unknown,[],[],58.333333333333336,2024-25,,,,0.4474,0.433125,105,95,114.1,106.5,114.5,108.69999999999999
22400134,1610612765,DET,1610612752,NYK,52,2024-11-01,DET vs. NYK,11,Unknown,[],[],63.0,2024-25,,,,0.45716666666666667,0.483625,98,128,99.0,106.2,110.6,109.78
22400151,1610612765,DET,1610612751,BKN,54,2024-11-03,DET @ BKN,11,Unknown,[],[],64.66666666666667,2024-25,,,,0.4605714285714286,0.46180000000000004,106,92,112.8,104.83333333333333,113.5,107.98333333333333
22400156,1610612765,DET,1610612747,LAL,55,2024-11-04,DET vs. LAL,11,Unknown,[],[],56.333333333333336,2024-25,,,,0.461625,0.4752222222222222,115,103,116.2,105.0,110.42857142857143,108.67142857142856
22400169,1610612765,DET,1610612766,CHA,47,2024-11-06,DET @ CHA,11,Unknown,[],[],58.333333333333336,2024-25,,,,0.46466666666666673,0.43844444444444447,107,108,107.0,106.25,109.5,109.6125
22400185,1610612765,DET,1610612737,ATL,63,2024-11-08,DET vs. ATL,11,Unknown,[],[],66.66666666666667,2024-25,,,,0.4694,0.4633,122,121,115.1,106.33333333333333,109.33333333333333,109.32222222222222
22400068,1610612766,CHA,1610612745,HOU,47,2024-10-23,CHA @ HOU,10,Unknown,[],[],60.0,2024-25,,,,0.447,0.4378888888888889,110,105,114.6,110.0,105.0,114.6
22400079,1610612766,CHA,1610612737,ATL,44,2024-10-25,CHA @ ATL,10,Unknown,[],[],60.333333333333336,2024-25,,,,0.41600000000000004,0.4649090909090909,120,125,116.5,110.0,105.0,114.6
22400088,1610612766,CHA,1610612748,MIA,46,2024-10-26,CHA vs. MIA,10,Unknown,[],[],55.333333333333336,2024-25,,,,0.42333333333333334,0.440625,106,114,108.2,115.0,115.0,115.55
22400117,1610612766,CHA,1610612761,TOR,46,2024-10-30,CHA vs. TOR,10,Unknown,[],[],60.333333333333336,2024-25,,,,0.44775,0.4746666666666667,138,133,134.0,112.0,114.66666666666667,113.10000000000001
22400132,1610612766,CHA,1610612738,BOS,65,2024-11-01,CHA vs. BOS,11,Unknown,[],[],59.333333333333336,2024-25,,,,0.4506,0.45655555555555555,109,124,111.2,118.5,119.25,118.325
22400141,1610612766,CHA,1610612738,BOS,62,2024-11-02,CHA vs. BOS,11,Unknown,[],[],59.333333333333336,2024-25,,,,0.44883333333333336,0.4548,103,113,106.2,116.6,120.2,116.9
22400162,1610612766,CHA,1610612750,MIN,48,2024-11-04,CHA @ MIN,11,Unknown,[],[],61.0,2024-25,,,,0.4415714285714286,0.48733333333333334,93,114,95.9,114.33333333333333,119.0,115.11666666666667
22400169,1610612766,CHA,1610612765,DET,47,2024-11-06,CHA vs. DET,11,Unknown,[],[],58.333333333333336,2024-25,,,,0.4405,0.4694,108,107,105.9,111.28571428571429,118.28571428571429,112.37142857142858
22400184,1610612766,CHA,1610612754,IND,55,2024-11-08,CHA vs. IND,11,Unknown,[],[],52.66666666666666,2024-25,,,,0.43844444444444447,0.4925555555555555,103,83,109.6,110.875,116.875,111.5625
